command,parameters,description,example,usage_note,file_names
啟動設定,LED_AZ1,使用 Global.ini 中的 LED_AZ1 變數,*$(LED_AZ1),從 Global.ini 的 Settings 區段讀取 LED_AZ1 值,"Pega_Nokia_TestFlow_20250307_ER2_DMIC.xlsx, VALO360_TestFlow_20250218_ER2.xlsx, VALO360_TestFlow_20250218_POE_LoopOK.xlsx, VALO360_TestFlow_20250307_POE.xlsx, VALO360_TestFlow_20250318_MB_ER2.xlsx, VALO360_TestFlow_20250326_Final.xlsx, VALO360_TestFlow_20250326_IMU.xlsx, VALO360_TestFlow_20250407_Function.xlsx"
啟動設定,LED_Light1,使用 Global.ini 中的 LED_Light1 變數,*$(LED_Light1),從 Global.ini 的 Settings 區段讀取 LED_Light1 值,"Pega_Nokia_TestFlow_20250307_ER2_DMIC.xlsx, VALO360_TestFlow_20250218_ER2.xlsx, VALO360_TestFlow_20250218_POE_LoopOK.xlsx, VALO360_TestFlow_20250307_POE.xlsx, VALO360_TestFlow_20250318_MB_ER2.xlsx, VALO360_TestFlow_20250326_Final.xlsx, VALO360_TestFlow_20250326_IMU.xlsx, VALO360_TestFlow_20250407_Function.xlsx"
TEST,根據上下文,TEST 指令,TEST 相關用法,執行 TEST 相關操作,"Pega_Nokia_TestFlow_20250307_ER2_DMIC.xlsx, Pega_Nokia_TestFlow_20250307_ER2_DMIC.xlsx, VALO360_ER2 OQC Function Check List_202504122_for Factory.xlsx, VALO360_ER2 OQC Function Check List_20250418.xlsx, VALO360_TestFlow_20250218_ER2.xlsx, VALO360_TestFlow_20250218_POE_LoopOK.xlsx, VALO360_TestFlow_20250307_POE.xlsx, VALO360_TestFlow_20250318_MB_ER2.xlsx, VALO360_TestFlow_20250326_Final.xlsx, VALO360_TestFlow_20250326_IMU.xlsx, VALO360_TestFlow_20250407_Function.xlsx"
啟動設定,PCUART_P,使用 Global.ini 中的 PCUART_P 變數,*$(PCUART_P),從 Global.ini 的 Settings 區段讀取 PCUART_P 值,"Pega_Nokia_TestFlow_20250307_ER2_DMIC.xlsx, VALO360_TestFlow_20250218_ER2.xlsx, VALO360_TestFlow_20250218_POE_LoopOK.xlsx, VALO360_TestFlow_20250307_POE.xlsx, VALO360_TestFlow_20250318_MB_ER2.xlsx, VALO360_TestFlow_20250326_Final.xlsx, VALO360_TestFlow_20250326_IMU.xlsx, VALO360_TestFlow_20250407_Function.xlsx"
啟動設定,DAQ_1,使用 Global.ini 中的 DAQ_1 變數,*$(DAQ_1),從 Global.ini 的 Settings 區段讀取 DAQ_1 值,"Pega_Nokia_TestFlow_20250307_ER2_DMIC.xlsx, VALO360_TestFlow_20250218_ER2.xlsx, VALO360_TestFlow_20250218_POE_LoopOK.xlsx, VALO360_TestFlow_20250307_POE.xlsx, VALO360_TestFlow_20250318_MB_ER2.xlsx, VALO360_TestFlow_20250326_Final.xlsx, VALO360_TestFlow_20250326_IMU.xlsx, VALO360_TestFlow_20250407_Function.xlsx"
啟動設定,DAQ_2,使用 Global.ini 中的 DAQ_2 變數,*$(DAQ_2),從 Global.ini 的 Settings 區段讀取 DAQ_2 值,"Pega_Nokia_TestFlow_20250307_ER2_DMIC.xlsx, VALO360_TestFlow_20250218_ER2.xlsx, VALO360_TestFlow_20250218_POE_LoopOK.xlsx, VALO360_TestFlow_20250307_POE.xlsx, VALO360_TestFlow_20250318_MB_ER2.xlsx, VALO360_TestFlow_20250326_Final.xlsx, VALO360_TestFlow_20250326_IMU.xlsx, VALO360_TestFlow_20250407_Function.xlsx"
啟動設定,DAQ_3,使用 Global.ini 中的 DAQ_3 變數,*$(DAQ_3),從 Global.ini 的 Settings 區段讀取 DAQ_3 值,"Pega_Nokia_TestFlow_20250307_ER2_DMIC.xlsx, VALO360_TestFlow_20250218_ER2.xlsx, VALO360_TestFlow_20250218_POE_LoopOK.xlsx, VALO360_TestFlow_20250307_POE.xlsx, VALO360_TestFlow_20250318_MB_ER2.xlsx, VALO360_TestFlow_20250326_Final.xlsx, VALO360_TestFlow_20250326_IMU.xlsx, VALO360_TestFlow_20250407_Function.xlsx"
啟動設定,DAQ_4,使用 Global.ini 中的 DAQ_4 變數,*$(DAQ_4),從 Global.ini 的 Settings 區段讀取 DAQ_4 值,"Pega_Nokia_TestFlow_20250307_ER2_DMIC.xlsx, VALO360_TestFlow_20250218_ER2.xlsx, VALO360_TestFlow_20250218_POE_LoopOK.xlsx, VALO360_TestFlow_20250307_POE.xlsx, VALO360_TestFlow_20250318_MB_ER2.xlsx, VALO360_TestFlow_20250326_Final.xlsx, VALO360_TestFlow_20250326_IMU.xlsx, VALO360_TestFlow_20250407_Function.xlsx"
啟動設定,TDS3014,使用 Global.ini 中的 TDS3014 變數,*$(TDS3014),從 Global.ini 的 Settings 區段讀取 TDS3014 值,"Pega_Nokia_TestFlow_20250307_ER2_DMIC.xlsx, VALO360_TestFlow_20250218_ER2.xlsx, VALO360_TestFlow_20250218_POE_LoopOK.xlsx, VALO360_TestFlow_20250307_POE.xlsx, VALO360_TestFlow_20250318_MB_ER2.xlsx, VALO360_TestFlow_20250326_Final.xlsx, VALO360_TestFlow_20250326_IMU.xlsx, VALO360_TestFlow_20250407_Function.xlsx"
啟動設定,FM480_UR1,使用 Global.ini 中的 FM480_UR1 變數,*$(FM480_UR1),從 Global.ini 的 Settings 區段讀取 FM480_UR1 值,"Pega_Nokia_TestFlow_20250307_ER2_DMIC.xlsx, VALO360_TestFlow_20250218_ER2.xlsx, VALO360_TestFlow_20250218_POE_LoopOK.xlsx, VALO360_TestFlow_20250307_POE.xlsx, VALO360_TestFlow_20250318_MB_ER2.xlsx, VALO360_TestFlow_20250326_Final.xlsx, VALO360_TestFlow_20250326_IMU.xlsx, VALO360_TestFlow_20250407_Function.xlsx"
啟動設定,FM480_UR2,使用 Global.ini 中的 FM480_UR2 變數,*$(FM480_UR2),從 Global.ini 的 Settings 區段讀取 FM480_UR2 值,"Pega_Nokia_TestFlow_20250307_ER2_DMIC.xlsx, VALO360_TestFlow_20250218_ER2.xlsx, VALO360_TestFlow_20250218_POE_LoopOK.xlsx, VALO360_TestFlow_20250307_POE.xlsx, VALO360_TestFlow_20250318_MB_ER2.xlsx, VALO360_TestFlow_20250326_Final.xlsx, VALO360_TestFlow_20250326_IMU.xlsx, VALO360_TestFlow_20250407_Function.xlsx"
啟動設定,FM480_UR3,使用 Global.ini 中的 FM480_UR3 變數,*$(FM480_UR3),從 Global.ini 的 Settings 區段讀取 FM480_UR3 值,"Pega_Nokia_TestFlow_20250307_ER2_DMIC.xlsx, VALO360_TestFlow_20250218_ER2.xlsx, VALO360_TestFlow_20250218_POE_LoopOK.xlsx, VALO360_TestFlow_20250307_POE.xlsx, VALO360_TestFlow_20250318_MB_ER2.xlsx, VALO360_TestFlow_20250326_Final.xlsx, VALO360_TestFlow_20250326_IMU.xlsx, VALO360_TestFlow_20250407_Function.xlsx"
啟動設定,FM480_UR4,使用 Global.ini 中的 FM480_UR4 變數,*$(FM480_UR4),從 Global.ini 的 Settings 區段讀取 FM480_UR4 值,"Pega_Nokia_TestFlow_20250307_ER2_DMIC.xlsx, VALO360_TestFlow_20250218_ER2.xlsx, VALO360_TestFlow_20250218_POE_LoopOK.xlsx, VALO360_TestFlow_20250307_POE.xlsx, VALO360_TestFlow_20250318_MB_ER2.xlsx, VALO360_TestFlow_20250326_Final.xlsx, VALO360_TestFlow_20250326_IMU.xlsx, VALO360_TestFlow_20250407_Function.xlsx"
啟動設定,PCUART_1,使用 Global.ini 中的 PCUART_1 變數,*$(PCUART_1),從 Global.ini 的 Settings 區段讀取 PCUART_1 值,"Pega_Nokia_TestFlow_20250307_ER2_DMIC.xlsx, VALO360_TestFlow_20250218_ER2.xlsx, VALO360_TestFlow_20250218_POE_LoopOK.xlsx, VALO360_TestFlow_20250307_POE.xlsx, VALO360_TestFlow_20250318_MB_ER2.xlsx, VALO360_TestFlow_20250326_Final.xlsx, VALO360_TestFlow_20250326_IMU.xlsx, VALO360_TestFlow_20250407_Function.xlsx"
啟動設定,PCUART_2,使用 Global.ini 中的 PCUART_2 變數,*$(PCUART_2),從 Global.ini 的 Settings 區段讀取 PCUART_2 值,"Pega_Nokia_TestFlow_20250307_ER2_DMIC.xlsx, VALO360_TestFlow_20250218_ER2.xlsx, VALO360_TestFlow_20250218_POE_LoopOK.xlsx, VALO360_TestFlow_20250307_POE.xlsx, VALO360_TestFlow_20250318_MB_ER2.xlsx, VALO360_TestFlow_20250326_Final.xlsx, VALO360_TestFlow_20250326_IMU.xlsx, VALO360_TestFlow_20250407_Function.xlsx"
啟動設定,PCUART_3,使用 Global.ini 中的 PCUART_3 變數,*$(PCUART_3),從 Global.ini 的 Settings 區段讀取 PCUART_3 值,"Pega_Nokia_TestFlow_20250307_ER2_DMIC.xlsx, VALO360_TestFlow_20250218_ER2.xlsx, VALO360_TestFlow_20250218_POE_LoopOK.xlsx, VALO360_TestFlow_20250307_POE.xlsx, VALO360_TestFlow_20250318_MB_ER2.xlsx, VALO360_TestFlow_20250326_Final.xlsx, VALO360_TestFlow_20250326_IMU.xlsx, VALO360_TestFlow_20250407_Function.xlsx"
啟動設定,PCUART_4,使用 Global.ini 中的 PCUART_4 變數,*$(PCUART_4),從 Global.ini 的 Settings 區段讀取 PCUART_4 值,"Pega_Nokia_TestFlow_20250307_ER2_DMIC.xlsx, VALO360_TestFlow_20250218_ER2.xlsx, VALO360_TestFlow_20250218_POE_LoopOK.xlsx, VALO360_TestFlow_20250307_POE.xlsx, VALO360_TestFlow_20250318_MB_ER2.xlsx, VALO360_TestFlow_20250326_Final.xlsx, VALO360_TestFlow_20250326_IMU.xlsx, VALO360_TestFlow_20250407_Function.xlsx"
啟動設定,RRat_N1,使用 Global.ini 中的 RRat_N1 變數,*$(RRat_N1),從 Global.ini 的 Settings 區段讀取 RRat_N1 值,"Pega_Nokia_TestFlow_20250307_ER2_DMIC.xlsx, VALO360_TestFlow_20250218_ER2.xlsx, VALO360_TestFlow_20250218_POE_LoopOK.xlsx, VALO360_TestFlow_20250307_POE.xlsx, VALO360_TestFlow_20250318_MB_ER2.xlsx, VALO360_TestFlow_20250326_Final.xlsx, VALO360_TestFlow_20250326_IMU.xlsx, VALO360_TestFlow_20250407_Function.xlsx"
READ,根據上下文,READ 指令,READ 相關用法,執行 READ 相關操作,"Pega_Nokia_TestFlow_20250307_ER2_DMIC.xlsx, VALO360_TestFlow_20250218_ER2.xlsx, VALO360_TestFlow_20250218_POE_LoopOK.xlsx, VALO360_TestFlow_20250307_POE.xlsx, VALO360_TestFlow_20250318_MB_ER2.xlsx, VALO360_TestFlow_20250326_Final.xlsx, VALO360_TestFlow_20250326_IMU.xlsx, VALO360_TestFlow_20250407_Function.xlsx"
啟動設定,IQ_IP,使用 Global.ini 中的 IQ_IP 變數,*$(IQ_IP),從 Global.ini 的 Settings 區段讀取 IQ_IP 值,"Pega_Nokia_TestFlow_20250307_ER2_DMIC.xlsx, Pega_Nokia_TestFlow_20250307_ER2_DMIC.xlsx, VALO360_TestFlow_20250218_ER2.xlsx, VALO360_TestFlow_20250218_POE_LoopOK.xlsx, VALO360_TestFlow_20250307_POE.xlsx, VALO360_TestFlow_20250318_MB_ER2.xlsx, VALO360_TestFlow_20250326_Final.xlsx, VALO360_TestFlow_20250326_IMU.xlsx, VALO360_TestFlow_20250407_Function.xlsx"
啟動設定,IQapt,使用 Global.ini 中的 IQapt 變數,*$(IQapt),從 Global.ini 的 Settings 區段讀取 IQapt 值,"Pega_Nokia_TestFlow_20250307_ER2_DMIC.xlsx, VALO360_TestFlow_20250218_ER2.xlsx, VALO360_TestFlow_20250218_POE_LoopOK.xlsx, VALO360_TestFlow_20250307_POE.xlsx, VALO360_TestFlow_20250318_MB_ER2.xlsx, VALO360_TestFlow_20250326_Final.xlsx, VALO360_TestFlow_20250326_IMU.xlsx, VALO360_TestFlow_20250407_Function.xlsx"
啟動設定,GPIB2005,使用 Global.ini 中的 GPIB2005 變數,*$(GPIB2005),從 Global.ini 的 Settings 區段讀取 GPIB2005 值,"Pega_Nokia_TestFlow_20250307_ER2_DMIC.xlsx, VALO360_TestFlow_20250218_ER2.xlsx, VALO360_TestFlow_20250218_POE_LoopOK.xlsx, VALO360_TestFlow_20250307_POE.xlsx, VALO360_TestFlow_20250318_MB_ER2.xlsx, VALO360_TestFlow_20250326_Final.xlsx, VALO360_TestFlow_20250326_IMU.xlsx, VALO360_TestFlow_20250407_Function.xlsx"
啟動設定,Chroma6150x,使用 Global.ini 中的 Chroma6150x 變數,*$(Chroma6150x),從 Global.ini 的 Settings 區段讀取 Chroma6150x 值,"Pega_Nokia_TestFlow_20250307_ER2_DMIC.xlsx, VALO360_TestFlow_20250218_ER2.xlsx, VALO360_TestFlow_20250218_POE_LoopOK.xlsx, VALO360_TestFlow_20250307_POE.xlsx, VALO360_TestFlow_20250318_MB_ER2.xlsx, VALO360_TestFlow_20250326_Final.xlsx, VALO360_TestFlow_20250326_IMU.xlsx, VALO360_TestFlow_20250407_Function.xlsx"
LOAD,根據上下文,LOAD 指令,LOAD 相關用法,執行 LOAD 相關操作,"Pega_Nokia_TestFlow_20250307_ER2_DMIC.xlsx, Pega_Nokia_TestFlow_20250307_ER2_DMIC.xlsx, VALO360_TestFlow_20250218_ER2.xlsx, VALO360_TestFlow_20250218_POE_LoopOK.xlsx, VALO360_TestFlow_20250307_POE.xlsx, VALO360_TestFlow_20250318_MB_ER2.xlsx, VALO360_TestFlow_20250326_Final.xlsx, VALO360_TestFlow_20250326_IMU.xlsx, VALO360_TestFlow_20250407_Function.xlsx"
ScanBarcode," {Name,Lengh,Pattern} ",ScanBarcode 函數調用,"ScanBarcode( {Name,Lengh,Pattern} )","調用 ScanBarcode 函數，參數:  {Name,Lengh,Pattern} ","Pega_Nokia_TestFlow_20250307_ER2_DMIC.xlsx, Pega_Nokia_TestFlow_20250307_ER2_DMIC.xlsx, VALO360_TestFlow_20250218_ER2.xlsx, VALO360_TestFlow_20250218_POE_LoopOK.xlsx, VALO360_TestFlow_20250307_POE.xlsx, VALO360_TestFlow_20250318_MB_ER2.xlsx, VALO360_TestFlow_20250326_Final.xlsx, VALO360_TestFlow_20250326_IMU.xlsx, VALO360_TestFlow_20250407_Function.xlsx"
Connection1,"Type,Name,ConnectString",Connection1 函數調用,"Connection1(Type,Name,ConnectString)","調用 Connection1 函數，參數: Type,Name,ConnectString","Pega_Nokia_TestFlow_20250307_ER2_DMIC.xlsx, Pega_Nokia_TestFlow_20250307_ER2_DMIC.xlsx, VALO360_TestFlow_20250218_ER2.xlsx, VALO360_TestFlow_20250218_POE_LoopOK.xlsx, VALO360_TestFlow_20250307_POE.xlsx, VALO360_TestFlow_20250318_MB_ER2.xlsx, VALO360_TestFlow_20250326_Final.xlsx, VALO360_TestFlow_20250326_IMU.xlsx, VALO360_TestFlow_20250407_Function.xlsx"
CONNECT,根據上下文,CONNECT 指令,CONNECT 相關用法,執行 CONNECT 相關操作,"Pega_Nokia_TestFlow_20250307_ER2_DMIC.xlsx, Pega_Nokia_TestFlow_20250307_ER2_DMIC.xlsx, VALO360_ER2 OQC Function Check List_202504122_for Factory.xlsx, VALO360_TestFlow_20250218_ER2.xlsx, VALO360_TestFlow_20250218_POE_LoopOK.xlsx, VALO360_TestFlow_20250307_POE.xlsx, VALO360_TestFlow_20250318_MB_ER2.xlsx, VALO360_TestFlow_20250326_Final.xlsx, VALO360_TestFlow_20250326_IMU.xlsx, VALO360_TestFlow_20250407_Function.xlsx"
Connection2,"Type,Name,ConnectString",Connection2 函數調用,"Connection2(Type,Name,ConnectString)","調用 Connection2 函數，參數: Type,Name,ConnectString","Pega_Nokia_TestFlow_20250307_ER2_DMIC.xlsx, Pega_Nokia_TestFlow_20250307_ER2_DMIC.xlsx, VALO360_TestFlow_20250218_ER2.xlsx, VALO360_TestFlow_20250218_POE_LoopOK.xlsx, VALO360_TestFlow_20250307_POE.xlsx, VALO360_TestFlow_20250318_MB_ER2.xlsx, VALO360_TestFlow_20250326_Final.xlsx, VALO360_TestFlow_20250326_IMU.xlsx, VALO360_TestFlow_20250407_Function.xlsx"
Connection3,"Type,Name,ConnectString",Connection3 函數調用,"Connection3(Type,Name,ConnectString)","調用 Connection3 函數，參數: Type,Name,ConnectString","Pega_Nokia_TestFlow_20250307_ER2_DMIC.xlsx, Pega_Nokia_TestFlow_20250307_ER2_DMIC.xlsx, VALO360_TestFlow_20250218_ER2.xlsx, VALO360_TestFlow_20250218_POE_LoopOK.xlsx, VALO360_TestFlow_20250307_POE.xlsx, VALO360_TestFlow_20250318_MB_ER2.xlsx, VALO360_TestFlow_20250326_Final.xlsx, VALO360_TestFlow_20250326_IMU.xlsx, VALO360_TestFlow_20250407_Function.xlsx"
Connection4,"Type,Name,ConnectString",Connection4 函數調用,"Connection4(Type,Name,ConnectString)","調用 Connection4 函數，參數: Type,Name,ConnectString","Pega_Nokia_TestFlow_20250307_ER2_DMIC.xlsx, Pega_Nokia_TestFlow_20250307_ER2_DMIC.xlsx, VALO360_TestFlow_20250218_ER2.xlsx, VALO360_TestFlow_20250218_POE_LoopOK.xlsx, VALO360_TestFlow_20250307_POE.xlsx, VALO360_TestFlow_20250318_MB_ER2.xlsx, VALO360_TestFlow_20250326_Final.xlsx, VALO360_TestFlow_20250326_IMU.xlsx, VALO360_TestFlow_20250407_Function.xlsx"
Connection5,"Type,Name,ConnectString",Connection5 函數調用,"Connection5(Type,Name,ConnectString)","調用 Connection5 函數，參數: Type,Name,ConnectString","Pega_Nokia_TestFlow_20250307_ER2_DMIC.xlsx, Pega_Nokia_TestFlow_20250307_ER2_DMIC.xlsx, VALO360_TestFlow_20250218_ER2.xlsx, VALO360_TestFlow_20250218_POE_LoopOK.xlsx, VALO360_TestFlow_20250307_POE.xlsx, VALO360_TestFlow_20250318_MB_ER2.xlsx, VALO360_TestFlow_20250326_Final.xlsx, VALO360_TestFlow_20250326_IMU.xlsx, VALO360_TestFlow_20250407_Function.xlsx"
Connection6,"Type,Name,ConnectString",Connection6 函數調用,"Connection6(Type,Name,ConnectString)","調用 Connection6 函數，參數: Type,Name,ConnectString","Pega_Nokia_TestFlow_20250307_ER2_DMIC.xlsx, Pega_Nokia_TestFlow_20250307_ER2_DMIC.xlsx, VALO360_TestFlow_20250218_ER2.xlsx, VALO360_TestFlow_20250218_POE_LoopOK.xlsx, VALO360_TestFlow_20250307_POE.xlsx, VALO360_TestFlow_20250318_MB_ER2.xlsx, VALO360_TestFlow_20250326_Final.xlsx, VALO360_TestFlow_20250326_IMU.xlsx, VALO360_TestFlow_20250407_Function.xlsx"
Connection7,"Type,Name,ConnectString",Connection7 函數調用,"Connection7(Type,Name,ConnectString)","調用 Connection7 函數，參數: Type,Name,ConnectString","Pega_Nokia_TestFlow_20250307_ER2_DMIC.xlsx, Pega_Nokia_TestFlow_20250307_ER2_DMIC.xlsx, VALO360_TestFlow_20250218_ER2.xlsx, VALO360_TestFlow_20250218_POE_LoopOK.xlsx, VALO360_TestFlow_20250307_POE.xlsx, VALO360_TestFlow_20250318_MB_ER2.xlsx, VALO360_TestFlow_20250326_Final.xlsx, VALO360_TestFlow_20250326_IMU.xlsx, VALO360_TestFlow_20250407_Function.xlsx"
Connection8,"Type,Name,ConnectString",Connection8 函數調用,"Connection8(Type,Name,ConnectString)","調用 Connection8 函數，參數: Type,Name,ConnectString","Pega_Nokia_TestFlow_20250307_ER2_DMIC.xlsx, Pega_Nokia_TestFlow_20250307_ER2_DMIC.xlsx, VALO360_TestFlow_20250218_ER2.xlsx, VALO360_TestFlow_20250218_POE_LoopOK.xlsx, VALO360_TestFlow_20250307_POE.xlsx, VALO360_TestFlow_20250318_MB_ER2.xlsx, VALO360_TestFlow_20250326_Final.xlsx, VALO360_TestFlow_20250326_IMU.xlsx, VALO360_TestFlow_20250407_Function.xlsx"
Connection9,"Type,Name,ConnectString",Connection9 函數調用,"Connection9(Type,Name,ConnectString)","調用 Connection9 函數，參數: Type,Name,ConnectString","Pega_Nokia_TestFlow_20250307_ER2_DMIC.xlsx, Pega_Nokia_TestFlow_20250307_ER2_DMIC.xlsx, VALO360_TestFlow_20250218_ER2.xlsx, VALO360_TestFlow_20250218_POE_LoopOK.xlsx, VALO360_TestFlow_20250307_POE.xlsx, VALO360_TestFlow_20250318_MB_ER2.xlsx, VALO360_TestFlow_20250326_Final.xlsx, VALO360_TestFlow_20250326_IMU.xlsx, VALO360_TestFlow_20250407_Function.xlsx"
Connection10,"Type,Name,ConnectString",Connection10 函數調用,"Connection10(Type,Name,ConnectString)","調用 Connection10 函數，參數: Type,Name,ConnectString","Pega_Nokia_TestFlow_20250307_ER2_DMIC.xlsx, Pega_Nokia_TestFlow_20250307_ER2_DMIC.xlsx, VALO360_TestFlow_20250218_ER2.xlsx, VALO360_TestFlow_20250218_POE_LoopOK.xlsx, VALO360_TestFlow_20250307_POE.xlsx, VALO360_TestFlow_20250318_MB_ER2.xlsx, VALO360_TestFlow_20250326_Final.xlsx, VALO360_TestFlow_20250326_IMU.xlsx, VALO360_TestFlow_20250407_Function.xlsx"
啟動設定,LOAD_1,使用 Global.ini 中的 LOAD_1 變數,*$(LOAD_1),從 Global.ini 的 Settings 區段讀取 LOAD_1 值,"Pega_Nokia_TestFlow_20250307_ER2_DMIC.xlsx, Pega_Nokia_TestFlow_20250307_ER2_DMIC.xlsx, VALO360_TestFlow_20250218_ER2.xlsx, VALO360_TestFlow_20250218_POE_LoopOK.xlsx, VALO360_TestFlow_20250307_POE.xlsx, VALO360_TestFlow_20250318_MB_ER2.xlsx, VALO360_TestFlow_20250326_Final.xlsx, VALO360_TestFlow_20250326_IMU.xlsx, VALO360_TestFlow_20250407_Function.xlsx"
啟動設定,PCIP_1,使用 Global.ini 中的 PCIP_1 變數,*$(PCIP_1),從 Global.ini 的 Settings 區段讀取 PCIP_1 值,"Pega_Nokia_TestFlow_20250307_ER2_DMIC.xlsx, Pega_Nokia_TestFlow_20250307_ER2_DMIC.xlsx, VALO360_TestFlow_20250218_ER2.xlsx, VALO360_TestFlow_20250218_POE_LoopOK.xlsx, VALO360_TestFlow_20250307_POE.xlsx, VALO360_TestFlow_20250318_MB_ER2.xlsx, VALO360_TestFlow_20250326_Final.xlsx, VALO360_TestFlow_20250326_IMU.xlsx, VALO360_TestFlow_20250407_Function.xlsx"
啟動設定,DUTIP_1,使用 Global.ini 中的 DUTIP_1 變數,*$(DUTIP_1),從 Global.ini 的 Settings 區段讀取 DUTIP_1 值,"Pega_Nokia_TestFlow_20250307_ER2_DMIC.xlsx, Pega_Nokia_TestFlow_20250307_ER2_DMIC.xlsx, VALO360_TestFlow_20250218_ER2.xlsx, VALO360_TestFlow_20250218_POE_LoopOK.xlsx, VALO360_TestFlow_20250307_POE.xlsx, VALO360_TestFlow_20250318_MB_ER2.xlsx, VALO360_TestFlow_20250326_Final.xlsx, VALO360_TestFlow_20250326_IMU.xlsx, VALO360_TestFlow_20250407_Function.xlsx"
啟動設定,DEVID_1,使用 Global.ini 中的 DEVID_1 變數,*$(DEVID_1),從 Global.ini 的 Settings 區段讀取 DEVID_1 值,"Pega_Nokia_TestFlow_20250307_ER2_DMIC.xlsx, Pega_Nokia_TestFlow_20250307_ER2_DMIC.xlsx, VALO360_TestFlow_20250218_ER2.xlsx, VALO360_TestFlow_20250218_POE_LoopOK.xlsx, VALO360_TestFlow_20250307_POE.xlsx, VALO360_TestFlow_20250318_MB_ER2.xlsx, VALO360_TestFlow_20250326_Final.xlsx, VALO360_TestFlow_20250326_IMU.xlsx, VALO360_TestFlow_20250407_Function.xlsx"
啟動設定,DUT_UR1,使用 Global.ini 中的 DUT_UR1 變數,*$(DUT_UR1),從 Global.ini 的 Settings 區段讀取 DUT_UR1 值,"Pega_Nokia_TestFlow_20250307_ER2_DMIC.xlsx, Pega_Nokia_TestFlow_20250307_ER2_DMIC.xlsx, VALO360_TestFlow_20250218_ER2.xlsx, VALO360_TestFlow_20250218_POE_LoopOK.xlsx, VALO360_TestFlow_20250307_POE.xlsx, VALO360_TestFlow_20250318_MB_ER2.xlsx, VALO360_TestFlow_20250326_Final.xlsx, VALO360_TestFlow_20250326_IMU.xlsx, VALO360_TestFlow_20250407_Function.xlsx"
啟動設定,PCUART_fixture,使用 Global.ini 中的 PCUART_fixture 變數,*$(PCUART_fixture),從 Global.ini 的 Settings 區段讀取 PCUART_fixture 值,"Pega_Nokia_TestFlow_20250307_ER2_DMIC.xlsx, Pega_Nokia_TestFlow_20250307_ER2_DMIC.xlsx, VALO360_TestFlow_20250218_ER2.xlsx, VALO360_TestFlow_20250218_POE_LoopOK.xlsx, VALO360_TestFlow_20250307_POE.xlsx, VALO360_TestFlow_20250318_MB_ER2.xlsx, VALO360_TestFlow_20250326_Final.xlsx, VALO360_TestFlow_20250326_IMU.xlsx, VALO360_TestFlow_20250407_Function.xlsx"
SEND,根據上下文,SEND 指令,SEND 相關用法,執行 SEND 相關操作,"Pega_Nokia_TestFlow_20250307_ER2_DMIC.xlsx, Pega_Nokia_TestFlow_20250307_ER2_DMIC.xlsx, VALO360_TestFlow_20250218_ER2.xlsx, VALO360_TestFlow_20250218_POE_LoopOK.xlsx, VALO360_TestFlow_20250307_POE.xlsx, VALO360_TestFlow_20250318_MB_ER2.xlsx, VALO360_TestFlow_20250326_Final.xlsx, VALO360_TestFlow_20250326_IMU.xlsx, VALO360_TestFlow_20250407_Function.xlsx"
WAIT,根據上下文,WAIT 指令,WAIT 相關用法,執行 WAIT 相關操作,"Pega_Nokia_TestFlow_20250307_ER2_DMIC.xlsx, Pega_Nokia_TestFlow_20250307_ER2_DMIC.xlsx, VALO360_TestFlow_20250218_ER2.xlsx, VALO360_TestFlow_20250218_POE_LoopOK.xlsx, VALO360_TestFlow_20250307_POE.xlsx, VALO360_TestFlow_20250318_MB_ER2.xlsx, VALO360_TestFlow_20250326_Final.xlsx, VALO360_TestFlow_20250326_IMU.xlsx, VALO360_TestFlow_20250407_Function.xlsx"
CHECK,根據上下文,CHECK 指令,CHECK 相關用法,執行 CHECK 相關操作,"Pega_Nokia_TestFlow_20250307_ER2_DMIC.xlsx, Pega_Nokia_TestFlow_20250307_ER2_DMIC.xlsx, VALO360_ER2 OQC Function Check List_202504122_for Factory.xlsx, VALO360_ER2 OQC Function Check List_20250418.xlsx, VALO360_TestFlow_20250218_ER2.xlsx, VALO360_TestFlow_20250218_POE_LoopOK.xlsx, VALO360_TestFlow_20250307_POE.xlsx, VALO360_TestFlow_20250318_MB_ER2.xlsx, VALO360_TestFlow_20250326_Final.xlsx, VALO360_TestFlow_20250326_IMU.xlsx, VALO360_TestFlow_20250407_Function.xlsx"
SHOW,根據上下文,SHOW 指令,SHOW 相關用法,執行 SHOW 相關操作,"Pega_Nokia_TestFlow_20250307_ER2_DMIC.xlsx, Pega_Nokia_TestFlow_20250307_ER2_DMIC.xlsx, VALO360_TestFlow_20250218_ER2.xlsx, VALO360_TestFlow_20250218_POE_LoopOK.xlsx, VALO360_TestFlow_20250307_POE.xlsx, VALO360_TestFlow_20250318_MB_ER2.xlsx, VALO360_TestFlow_20250326_Final.xlsx, VALO360_TestFlow_20250326_IMU.xlsx, VALO360_TestFlow_20250407_Function.xlsx"
OPEN,根據上下文,OPEN 指令,OPEN 相關用法,執行 OPEN 相關操作,"Pega_Nokia_TestFlow_20250307_ER2_DMIC.xlsx, Pega_Nokia_TestFlow_20250307_ER2_DMIC.xlsx, VALO360_ER2 OQC Function Check List_202504122_for Factory.xlsx, VALO360_ER2 OQC Function Check List_20250418.xlsx, VALO360_TestFlow_20250218_ER2.xlsx, VALO360_TestFlow_20250218_POE_LoopOK.xlsx, VALO360_TestFlow_20250307_POE.xlsx, VALO360_TestFlow_20250318_MB_ER2.xlsx, VALO360_TestFlow_20250326_Final.xlsx, VALO360_TestFlow_20250326_IMU.xlsx, VALO360_TestFlow_20250407_Function.xlsx"
DELAY,根據上下文,DELAY 指令,DELAY 相關用法,執行 DELAY 相關操作,"Pega_Nokia_TestFlow_20250307_ER2_DMIC.xlsx, Pega_Nokia_TestFlow_20250307_ER2_DMIC.xlsx, VALO360_TestFlow_20250218_ER2.xlsx, VALO360_TestFlow_20250218_POE_LoopOK.xlsx, VALO360_TestFlow_20250307_POE.xlsx, VALO360_TestFlow_20250318_MB_ER2.xlsx, VALO360_TestFlow_20250326_Final.xlsx, VALO360_TestFlow_20250326_IMU.xlsx, VALO360_TestFlow_20250407_Function.xlsx"
LOG,根據上下文,LOG 指令,LOG 相關用法,執行 LOG 相關操作,"Pega_Nokia_TestFlow_20250307_ER2_DMIC.xlsx, VALO360_TestFlow_20250218_ER2.xlsx, VALO360_TestFlow_20250307_POE.xlsx, VALO360_TestFlow_20250318_MB_ER2.xlsx, VALO360_TestFlow_20250326_Final.xlsx, VALO360_TestFlow_20250326_IMU.xlsx, VALO360_TestFlow_20250407_Function.xlsx"
START,根據上下文,START 指令,START 相關用法,執行 START 相關操作,"Pega_Nokia_TestFlow_20250307_ER2_DMIC.xlsx, VALO360_TestFlow_20250218_ER2.xlsx, VALO360_TestFlow_20250307_POE.xlsx, VALO360_TestFlow_20250318_MB_ER2.xlsx"
Version,Development & Production,Version 函數,Version(Development & Production),執行 Version 功能，參數: Development & Production,"VALO360_ER2 OQC Function Check List_202504122_for Factory.xlsx, VALO360_ER2 OQC Function Check List_20250418.xlsx"
Orange,boot up,Orange 函數調用,Orange(boot up),調用 Orange 函數，參數: boot up,"VALO360_ER2 OQC Function Check List_202504122_for Factory.xlsx, VALO360_ER2 OQC Function Check List_202504122_for Factory.xlsx, VALO360_ER2 OQC Function Check List_20250418.xlsx"
Green,working,Green 函數,Green(working),執行 Green 功能，參數: working,"VALO360_ER2 OQC Function Check List_202504122_for Factory.xlsx, VALO360_ER2 OQC Function Check List_20250418.xlsx"
Red,TBC,Red 函數,Red(TBC),執行 Red 功能，參數: TBC,"VALO360_ER2 OQC Function Check List_202504122_for Factory.xlsx, VALO360_ER2 OQC Function Check List_20250418.xlsx"
G,Cellular,G 函數,G(Cellular),執行 G 功能，參數: Cellular,"VALO360_ER2 OQC Function Check List_202504122_for Factory.xlsx, VALO360_ER2 OQC Function Check List_20250418.xlsx"
PC,VLC,PC 函數,PC(VLC),執行 PC 功能，參數: VLC,"VALO360_ER2 OQC Function Check List_202504122_for Factory.xlsx, VALO360_ER2 OQC Function Check List_20250418.xlsx"
IP,DHCP,IP 函數,IP(DHCP),執行 IP 功能，參數: DHCP,"VALO360_ER2 OQC Function Check List_202504122_for Factory.xlsx, VALO360_ER2 OQC Function Check List_20250418.xlsx"
INFO,根據上下文,INFO 指令,INFO 相關用法,執行 INFO 相關操作,"VALO360_ER2 OQC Function Check List_202504122_for Factory.xlsx, VALO360_ER2 OQC Function Check List_202504122_for Factory.xlsx, VALO360_ER2 OQC Function Check List_20250418.xlsx, VALO360_TestFlow_20250218_POE_LoopOK.xlsx, VALO360_TestFlow_20250307_POE.xlsx, VALO360_TestFlow_20250318_MB_ER2.xlsx, VALO360_TestFlow_20250326_Final.xlsx, VALO360_TestFlow_20250326_IMU.xlsx, VALO360_TestFlow_20250407_Function.xlsx"
啟動設定,FW_VERSION,使用 Global.ini 中的 FW_VERSION 變數,*$(FW_VERSION),從 Global.ini 的 Settings 區段讀取 FW_VERSION 值,"VALO360_TestFlow_20250218_ER2.xlsx, VALO360_TestFlow_20250318_MB_ER2.xlsx, VALO360_TestFlow_20250407_Function.xlsx"
RECEIVE,根據上下文,RECEIVE 指令,RECEIVE 相關用法,執行 RECEIVE 相關操作,VALO360_TestFlow_20250218_ER2.xlsx
啟動設定,sfisBattery_SKU,使用 Global.ini 中的 sfisBattery_SKU 變數,*$(sfisBattery_SKU),從 Global.ini 的 Settings 區段讀取 sfisBattery_SKU 值,VALO360_TestFlow_20250307_POE.xlsx
啟動設定,VALO360_Battery_MODEL,使用 Global.ini 中的 VALO360_Battery_MODEL 變數,*$(VALO360_Battery_MODEL),從 Global.ini 的 Settings 區段讀取 VALO360_Battery_MODEL 值,VALO360_TestFlow_20250307_POE.xlsx
啟動設定,VALO360_5G_Battery,使用 Global.ini 中的 VALO360_5G_Battery 變數,*$(VALO360_5G_Battery),從 Global.ini 的 Settings 區段讀取 VALO360_5G_Battery 值,"VALO360_TestFlow_20250307_POE.xlsx, VALO360_TestFlow_20250307_POE.xlsx"
啟動設定,VALO360_WIFI_Battery,使用 Global.ini 中的 VALO360_WIFI_Battery 變數,*$(VALO360_WIFI_Battery),從 Global.ini 的 Settings 區段讀取 VALO360_WIFI_Battery 值,"VALO360_TestFlow_20250307_POE.xlsx, VALO360_TestFlow_20250307_POE.xlsx"
啟動設定,VALO360_5G_N_battery,使用 Global.ini 中的 VALO360_5G_N_battery 變數,*$(VALO360_5G_N_battery),從 Global.ini 的 Settings 區段讀取 VALO360_5G_N_battery 值,VALO360_TestFlow_20250307_POE.xlsx
啟動設定,sfisSKU,使用 Global.ini 中的 sfisSKU 變數,*$(sfisSKU),從 Global.ini 的 Settings 區段讀取 sfisSKU 值,"VALO360_TestFlow_20250318_MB_ER2.xlsx, VALO360_TestFlow_20250318_MB_ER2.xlsx"
啟動設定,VALO360_ALL_MODEL,使用 Global.ini 中的 VALO360_ALL_MODEL 變數,*$(VALO360_ALL_MODEL),從 Global.ini 的 Settings 區段讀取 VALO360_ALL_MODEL 值,"VALO360_TestFlow_20250318_MB_ER2.xlsx, VALO360_TestFlow_20250326_Final.xlsx, VALO360_TestFlow_20250326_IMU.xlsx, VALO360_TestFlow_20250407_Function.xlsx"
啟動設定,VALO360_5G,使用 Global.ini 中的 VALO360_5G 變數,*$(VALO360_5G),從 Global.ini 的 Settings 區段讀取 VALO360_5G 值,"VALO360_TestFlow_20250318_MB_ER2.xlsx, VALO360_TestFlow_20250326_Final.xlsx, VALO360_TestFlow_20250326_IMU.xlsx, VALO360_TestFlow_20250407_Function.xlsx"
啟動設定,VALO360_WIFI,使用 Global.ini 中的 VALO360_WIFI 變數,*$(VALO360_WIFI),從 Global.ini 的 Settings 區段讀取 VALO360_WIFI 值,"VALO360_TestFlow_20250318_MB_ER2.xlsx, VALO360_TestFlow_20250326_Final.xlsx, VALO360_TestFlow_20250326_IMU.xlsx, VALO360_TestFlow_20250407_Function.xlsx"
啟動設定,VALO360_NObattery,使用 Global.ini 中的 VALO360_NObattery 變數,*$(VALO360_NObattery),從 Global.ini 的 Settings 區段讀取 VALO360_NObattery 值,"VALO360_TestFlow_20250318_MB_ER2.xlsx, VALO360_TestFlow_20250326_Final.xlsx, VALO360_TestFlow_20250326_IMU.xlsx, VALO360_TestFlow_20250407_Function.xlsx"
變數設定,"uuid = "",""\n"":Trim:rpString,"" "","""";",設定變數 uuid 的值,"uuid = "",""\n"":Trim:rpString,"" "","""";","將 "",""\n"":Trim:rpString,"" "",""""; 賦值給變數 uuid","VALO360_TestFlow_20250318_MB_ER2.xlsx, VALO360_TestFlow_20250407_Function.xlsx"
WRITE,根據上下文,WRITE 指令,WRITE 相關用法,執行 WRITE 相關操作,"VALO360_TestFlow_20250318_MB_ER2.xlsx, VALO360_TestFlow_20250318_MB_ER2.xlsx, VALO360_TestFlow_20250407_Function.xlsx"
變數設定,I = 0x6f,設定變數 I 的值,I = 0x6f,將 0x6f 賦值給變數 I,"VALO360_TestFlow_20250318_MB_ER2.xlsx, VALO360_TestFlow_20250326_IMU.xlsx"
變數設定,I = 0x08,設定變數 I 的值,I = 0x08,將 0x08 賦值給變數 I,VALO360_TestFlow_20250318_MB_ER2.xlsx
啟動設定,Check _ANT8,使用 Global.ini 中的 Check _ANT8 變數,*$(Check _ANT8),從 Global.ini 的 Settings 區段讀取 Check _ANT8 值,"VALO360_TestFlow_20250318_MB_ER2.xlsx, VALO360_TestFlow_20250407_Function.xlsx"
啟動設定,Check _ANT9,使用 Global.ini 中的 Check _ANT9 變數,*$(Check _ANT9),從 Global.ini 的 Settings 區段讀取 Check _ANT9 值,"VALO360_TestFlow_20250318_MB_ER2.xlsx, VALO360_TestFlow_20250407_Function.xlsx"
變數設定,cfun = 1\r\n,設定變數 cfun 的值,cfun = 1\r\n,將 1\r\n 賦值給變數 cfun,"VALO360_TestFlow_20250318_MB_ER2.xlsx, VALO360_TestFlow_20250318_MB_ER2.xlsx, VALO360_TestFlow_20250407_Function.xlsx"
啟動設定,SIM1,使用 Global.ini 中的 SIM1 變數,*$(SIM1),從 Global.ini 的 Settings 區段讀取 SIM1 值,"VALO360_TestFlow_20250318_MB_ER2.xlsx, VALO360_TestFlow_20250318_MB_ER2.xlsx, VALO360_TestFlow_20250407_Function.xlsx"
啟動設定,SIM2,使用 Global.ini 中的 SIM2 變數,*$(SIM2),從 Global.ini 的 Settings 區段讀取 SIM2 值,"VALO360_TestFlow_20250318_MB_ER2.xlsx, VALO360_TestFlow_20250318_MB_ER2.xlsx, VALO360_TestFlow_20250407_Function.xlsx"
啟動設定,SIM3,使用 Global.ini 中的 SIM3 變數,*$(SIM3),從 Global.ini 的 Settings 區段讀取 SIM3 值,"VALO360_TestFlow_20250318_MB_ER2.xlsx, VALO360_TestFlow_20250318_MB_ER2.xlsx, VALO360_TestFlow_20250407_Function.xlsx"
啟動設定,MFG_WIFI_MB,使用 Global.ini 中的 MFG_WIFI_MB 變數,*$(MFG_WIFI_MB),從 Global.ini 的 Settings 區段讀取 MFG_WIFI_MB 值,"VALO360_TestFlow_20250318_MB_ER2.xlsx, VALO360_TestFlow_20250407_Function.xlsx"
SAVE,根據上下文,SAVE 指令,SAVE 相關用法,執行 SAVE 相關操作,"VALO360_TestFlow_20250318_MB_ER2.xlsx, VALO360_TestFlow_20250318_MB_ER2.xlsx, VALO360_TestFlow_20250326_Final.xlsx, VALO360_TestFlow_20250407_Function.xlsx"
啟動設定,VALO360_MODEL,使用 Global.ini 中的 VALO360_MODEL 變數,*$(VALO360_MODEL),從 Global.ini 的 Settings 區段讀取 VALO360_MODEL 值,VALO360_TestFlow_20250326_Final.xlsx
啟動設定,FOTA_VERSION,使用 Global.ini 中的 FOTA_VERSION 變數,*$(FOTA_VERSION),從 Global.ini 的 Settings 區段讀取 FOTA_VERSION 值,"VALO360_TestFlow_20250326_Final.xlsx, VALO360_TestFlow_20250326_Final.xlsx"
CLOSE,根據上下文,CLOSE 指令,CLOSE 相關用法,執行 CLOSE 相關操作,"VALO360_TestFlow_20250326_Final.xlsx, VALO360_TestFlow_20250407_Function.xlsx"
啟動設定,VALO360_default_MODEL,使用 Global.ini 中的 VALO360_default_MODEL 變數,*$(VALO360_default_MODEL),從 Global.ini 的 Settings 區段讀取 VALO360_default_MODEL 值,"VALO360_TestFlow_20250326_IMU.xlsx, VALO360_TestFlow_20250407_Function.xlsx"
變數設定,test = PASS,設定變數 test 的值,test = PASS,將 PASS 賦值給變數 test,VALO360_TestFlow_20250326_IMU.xlsx
啟動設定,QRCODE_KEY,使用 Global.ini 中的 QRCODE_KEY 變數,*$(QRCODE_KEY),從 Global.ini 的 Settings 區段讀取 QRCODE_KEY 值,VALO360_TestFlow_20250407_Function.xlsx
變數設定,"egmr = 0,5\r\n",設定變數 egmr 的值,"egmr = 0,5\r\n","將 0,5\r\n 賦值給變數 egmr",VALO360_TestFlow_20250407_Function.xlsx
Antenna,SAM need,Antenna 函數,Antenna(SAM need),執行 Antenna 功能，參數: SAM need,"VALO360_TestFlow_20250407_Function.xlsx, VALO360_TestFlow_20250407_Function.xlsx"
變數設定,CSYSSEL = ?\r\n,設定變數 CSYSSEL 的值,CSYSSEL = ?\r\n,將 ?\r\n 賦值給變數 CSYSSEL,"VALO360_TestFlow_20250407_Function.xlsx, VALO360_TestFlow_20250407_Function.xlsx"
啟動設定,Check _ANT1,使用 Global.ini 中的 Check _ANT1 變數,*$(Check _ANT1),從 Global.ini 的 Settings 區段讀取 Check _ANT1 值,"VALO360_TestFlow_20250407_Function.xlsx, VALO360_TestFlow_20250407_Function.xlsx"
啟動設定,Check _ANT2,使用 Global.ini 中的 Check _ANT2 變數,*$(Check _ANT2),從 Global.ini 的 Settings 區段讀取 Check _ANT2 值,"VALO360_TestFlow_20250407_Function.xlsx, VALO360_TestFlow_20250407_Function.xlsx"
啟動設定,Check _ANT3,使用 Global.ini 中的 Check _ANT3 變數,*$(Check _ANT3),從 Global.ini 的 Settings 區段讀取 Check _ANT3 值,"VALO360_TestFlow_20250407_Function.xlsx, VALO360_TestFlow_20250407_Function.xlsx"
啟動設定,Check _ANT4,使用 Global.ini 中的 Check _ANT4 變數,*$(Check _ANT4),從 Global.ini 的 Settings 區段讀取 Check _ANT4 值,"VALO360_TestFlow_20250407_Function.xlsx, VALO360_TestFlow_20250407_Function.xlsx"
啟動設定,Check _ANT5,使用 Global.ini 中的 Check _ANT5 變數,*$(Check _ANT5),從 Global.ini 的 Settings 區段讀取 Check _ANT5 值,"VALO360_TestFlow_20250407_Function.xlsx, VALO360_TestFlow_20250407_Function.xlsx"
啟動設定,Check _ANT6,使用 Global.ini 中的 Check _ANT6 變數,*$(Check _ANT6),從 Global.ini 的 Settings 區段讀取 Check _ANT6 值,"VALO360_TestFlow_20250407_Function.xlsx, VALO360_TestFlow_20250407_Function.xlsx"
啟動設定,Check _ANT7,使用 Global.ini 中的 Check _ANT7 變數,*$(Check _ANT7),從 Global.ini 的 Settings 區段讀取 Check _ANT7 值,"VALO360_TestFlow_20250407_Function.xlsx, VALO360_TestFlow_20250407_Function.xlsx"
